Ürün İsmi,Marka,Kategori
Uludağ Frutti Şeftali Aromalı 6x200 ml Çoklu Paket,Uludağ,Gıda Ürünleri
Uludağ Frutti Elma Aromalı 6x200 ml Çoklu Paket,Uludağ,Gıda Ürünleri
Uludağ Frutti Limon Aromalı 6x200 ml Çoklu Paket,Uludağ,Gıda Ürünleri
Uludağ Frutti Karpuz-Çilek Aromalı 6x200 ml Çoklu Paket,Uludağ,Gıda Ürünleri
Uludağ Frutti Çilek Aromalı 6x200 ml Çoklu Paket,Uludağ,Gıda Ürünleri
Uludağ Frutti Narlı 200 ml Cam Şişe,Uludağ,Gıda Ürünleri
Uludağ Frutti Şeftali Aromalı 200 ml Cam Şişe,Uludağ,Gıda Ürünleri
Uludağ Frutti Elma Aromalı 200 ml Cam Şişe,Uludağ,Gıda Ürünleri
Uludağ Frutti Limon Aromalı 200 ml Cam Şişe,Uludağ,Gıda Ürünleri
Uludağ Frutti Çilek-Karpuz Aromalı 200 ml Cam Şişe,Uludağ,Gıda Ürünleri
Uludağ Frutti Çilek Aromalı 200 ml Cam Şişe,Uludağ,Gıda Ürünleri
Uludağ Premium Doğal Kaynak Suyu 6x250 ml Cam Şişe,Uludağ,Gıda Ürünleri
Assu Mineralli Su 5 lt,Assu,Gıda Ürünleri
Assu Mineralli Su 19 lt Damacana,Assu,Gıda Ürünleri
Assu Mineralli Su 0.5 lt,Assu,Gıda Ürünleri
Büklüce Sofralık Siyah Zeytin, Büklüce, Gıda Ürünleri
Büklüce Doğal Fermente Siyah Zeytin,Büklüce,Gıda Ürünleri
Büklüce Taş Baskı Siyah Zeytin, Büklüce,Gıda Ürünleri
Büklüce Ev Boyu Sofralık Siyah Zeytin, Büklüce,Gıda Ürünleri
Uludağ Meyvelim Nar 1 L Pet Şişe,Uludağ,Gıda Ürünleri
Uludağ Meyvelim Portakal 1 L Pet Şişe,Uludağ,Gıda Ürünleri
Uludağ Meyvelim Orman Meyveleri 1 L Pet Şişe,Uludağ,Gıda Ürünleri
Uludağ Meyvelim Ananas 1 L Pet Şişe,Uludağ,Gıda Ürünleri
Uludağ Meyvelim Greyfurt 1 L Pet Şişe,Uludağ,Gıda Ürünleri
Uludağ Meyvelim Mandalina 1 L Pet Şişe,Uludağ,Gıda Ürünleri
Uludağ Ramazan Şerbeti 1 L Pet Şişe,Eti,Gıda Ürünleri
Uludağ Limonata Yeşil Limonlu 1 L Pet Şişe,Uludağ,Gıda Ürünleri
Uludağ Limonata Nane Aromalı 1 L Pet Şişe,Aroma,Gıda Ürünleri
Uludağ Limonata Şekersiz 2 L Pet Şişe,Eker,Gıda Ürünleri
Uludağ Limonata Şekersiz  1 L Pet Şişe,Eker,Gıda Ürünleri
Uludağ Limonata Şekersiz Cam 250 ml 6′lı Paket,Eker,Gıda Ürünleri
Uludağ Limonata Şekersiz 250 ml Cam Şişe,Eker,Gıda Ürünleri
Uludağ Limonata 2 L Pet Şişe,Uludağ,Gıda Ürünleri
Uludağ Limonata 1 L Pet Şişe,Uludağ,Gıda Ürünleri
Uludağ Limonata 330 ml Pet Şişe,Uludağ,Gıda Ürünleri
Uludağ Limonata 6x250 ml Çoklu Paket,Uludağ,Gıda Ürünleri
Uludağ Frutti Extra Mandalinalı Doğal Zengin Mineralli Gazlı içecek 250 ml Cam Şişe,Uludağ,Gıda Ürünleri
Uludağ Frutti Extra Armutlu Doğal Zengin Mineralli Gazlı içecek 250 ml Cam Şişe,Uludağ,Gıda Ürünleri
Uludağ Frutti Extra Yeşil Limonlu Doğal Zengin Mineralli Gazlı içecek 250 ml Cam Şişe,Uludağ,Gıda Ürünleri
Uludağ Frutti Extra Kavunlu Doğal Zengin Mineralli Gazlı içecek 250 ml Cam Şişe,Uludağ,Gıda Ürünleri
Uludağ Frutti Extra Orman Meyveli Doğal Zengin Mineralli Gazlı içecek 250 ml Cam Şişe,Uludağ,Gıda Ürünleri
Uludağ Frutti C Max Portakal Aromalı 6x200 ml Çoklu Paket,Aroma,Gıda Ürünleri
Uludağ Frutti C Max Portakal Aromalı 200 ml Cam Şişe,Aroma,Gıda Ürünleri
Uludağ Frutti C Max kivi Aromalı 6x200 ml Çoklu Paket,Aroma,Gıda Ürünleri
Uludağ Frutti C Max Kivi Aromalı 200 ml Cam Şişe,Aroma,Gıda Ürünleri
Uludağ Frutti C Max Limon Aromalı 6x200 ml Çoklu Paket,Aroma,Gıda Ürünleri
Uludağ Frutti C Max Limon Aromalı 200 ml Cam Şişe,Aroma,Gıda Ürünleri
Uludağ Frutti Narlı 6x200 ml Çoklu Paket,Uludağ,Gıda Ürünleri
Uludağ Limonata 250 ml Cam Şişe,Uludağ,Gıda Ürünleri
Uludağ Limonata 250 ml Pet Şişe,Uludağ,Gıda Ürünleri
Fazz Enerji içeceği 500 ml, Fazz,Gıda Ürünleri
Fazz Enerji içeceği 250 ml, Fazz,Gıda Ürünleri
Deep Enerji Kutu 1L Pet Şişe, Deep,Gıda Ürünleri
Deep Enerji Kutu 250 ml, Deep,Gıda Ürünleri
Deep Enerji Kutu 500 ml, Deep,Gıda Ürünleri
"Uludağ Sarı 2,5 L",Uludağ,Gıda Ürünleri
Efsane Uludağ Gazozu Çilek,Uludağ,Gıda Ürünleri
Uludağ Sıfır Tonik Pet 1 Lt 4′lü Paket,Uludağ,Gıda Ürünleri
Uludağ Sıfır Tonik Cam 250 ml 6′lı Paket,Uludağ,Gıda Ürünleri
Uludağ Sıfır Tonik Cam 250 ml,Uludağ,Gıda Ürünleri
Efsane Uludağ Gazozu Portakallı 330 ml Kutu,Uludağ,Gıda Ürünleri
Efsane Uludağ Gazozu Portakallı 6x250 ml Çoklu Paket,Uludağ,Gıda Ürünleri
Efsane Uludağ Gazozu Portakallı 250 ml Cam Şişe,Uludağ,Gıda Ürünleri
Efsane Uludağ Gazozu 4x1 Çoklu Paket,Uludağ,Gıda Ürünleri
"Efsane Uludağ Gazozu 2,5 L Pet Şişe",Uludağ,Gıda Ürünleri
"Efsane Uludağ Gazozu 1,5 L Pet Şişe",Uludağ,Gıda Ürünleri
Efsane Uludağ Gazozu 1L Pet Şişe,Uludağ,Gıda Ürünleri
Efsane Uludağ Gazozu 330 ml Kutu,Uludağ,Gıda Ürünleri
Efsane Uludağ Gazozu 6x250 ml Çoklu Paket,Uludağ,Gıda Ürünleri
Efsane Uludağ Gazozu 250 ml Cam Şişe,Uludağ,Gıda Ürünleri
Uludağ Frutti Extra Yeşil Limon Pet 1 LT 4 lü Paket,Uludağ,Gıda Ürünleri
Uludağ Frutti Extra Mandalina Pet 1 LT 4 lü Paket,Uludağ,Gıda Ürünleri
Uludağ Frutti Extra Orman Meyveli Pet 1 LT 4 lü Paket,Uludağ,Gıda Ürünleri
Uludağ Frutti Extra Kavun Cam 250 ml 6′lı Paket,Uludağ,Gıda Ürünleri
Uludağ Frutti Extra Mandalina Cam 250 ml 6′lı Paket,Uludağ,Gıda Ürünleri
Uludağ Frutti Extra Yeşil Limon Cam 250 ml 6′lı Paket,Uludağ,Gıda Ürünleri
Uludağ Frutti Extra Tropik Cam 250 ml 6′lı Paket,Uludağ,Gıda Ürünleri
Uludağ Frutti Extra Armut Cam 250 ml 6′lı Paket,Uludağ,Gıda Ürünleri
Uludağ Frutti Extra Orman Meyveleri Cam 250 ml 6′lı Paket,Uludağ,Gıda Ürünleri
Uludağ Frutti Extra Yeşil Limonlu Doğal Zengin Mineralli Gazlı içecek 1 Litre Pet Şişe,Uludağ,Gıda Ürünleri
Uludağ Frutti Extra Mandalinalı Doğal Zengin Mineralli Gazlı içecek 1 Litre Pet Şişe,Uludağ,Gıda Ürünleri
Uludağ Frutti Extra Orman Meyveli Doğal Zengin Mineralli Gazlı içecek 1 Litre Pet Şişe,Uludağ,Gıda Ürünleri
Uludağ Frutti Extra Greyfurtlu Doğal Zengin Mineralli Gazlı içecek 250 ml Cam Şişe,Uludağ,Gıda Ürünleri
Uludağ Frutti Extra Tropik Doğal Zengin Mineralli Gazlı içecek 250 ml Cam Şişe,Uludağ,Gıda Ürünleri
Uludağ Premium Doğal Kaynak Suyu 750 ml cam şişe,Uludağ,Gıda Ürünleri
Uludağ Premium Doğal Maden Suyu 250 ml Cam Şişe,Uludağ,Gıda Ürünleri
Uludağ Doğal Maden Suyu 6x200 ml Cam Şişe,Uludağ,Gıda Ürünleri
Uludağ Premium 2 L Pet Şişe,Uludağ,Gıda Ürünleri
Uludağ Premium 330 ml cam şişe,Uludağ,Gıda Ürünleri
Uludağ Doğal Maden Suyu 200 ml cam şişe,Uludağ,Gıda Ürünleri
Uludağ Premium 1 L Pet Şişe,Uludağ,Gıda Ürünleri
Uludağ Premium 400 ml Pet Şişe,Uludağ,Gıda Ürünleri
Tadelle Fındık Dolgulu Sütlü Çikolata,Tadelle,Gıda Ürünleri
Fiskobirlik Nuga 700 gr,Nuga,Gıda Ürünleri
Sarelle Fındık Ezmesi 350 gr,Sarelle,Gıda Ürünleri
Efsane Uludağ Gazozu Zencefil,Uludağ,Gıda Ürünleri
Efsane Uludağ Gazozu Portakallı Şekersiz 1L Pet Şişe,Uludağ,Gıda Ürünleri
Efsane Uludağ Gazozu Portakallı Şekersiz 6x250 ml Cam Şişe,Uludağ,Gıda Ürünleri
Efsane Uludağ Gazozu Portakallı Şekersiz 250 ml Cam Şişe,Uludağ,Gıda Ürünleri
Efsane Uludağ Gazozu Şekersiz 4x1L Çoklu Paket,Uludağ,Gıda Ürünleri
Efsane Uludağ Gazozu Şekersiz 1 L Pet Şişe,Uludağ,Gıda Ürünleri
Efsane Uludağ Gazozu Şekersiz 6x250 ml Çoklu Paket,Uludağ,Gıda Ürünleri
Efsane Uludağ Gazozu Şekersiz 250 Cam Şişe,Uludağ,Gıda Ürünleri
"Efsane Uludağ Gazozu Portakallı 2,5 L Pet Şişe",Uludağ,Gıda Ürünleri
"Efsane Uludağ Gazozu Portakallı 1,5 L Pet Şişe",Uludağ,Gıda Ürünleri
Efsane Uludağ Gazozu Portakallı 4x1 L Çoklu Paket,Uludağ,Gıda Ürünleri
Efsane Uludağ Gazozu Portakallı 1 L Pet Şişe,Uludağ,Gıda Ürünleri
Tamek Meyve Pürem Elma,Tamek,Gıda Ürünleri
Tamek %100 Domates Suyu,Tamek,Gıda Ürünleri
Tamek %100 Elma- Vişne Suyu,Tamek,Gıda Ürünleri
Tamek %100 Karışık Meyve Suyu,Tamek,Gıda Ürünleri
Tamek %100 Portakal Suyu,Tamek,Gıda Ürünleri
Tamek %100 Elma Suyu,Tamek,Gıda Ürünleri
Tamek %100 Şeftali - Elma Suyu,Tamek,Gıda Ürünleri
Tamek Meşhur Kahverengi Şişe Vişne Nektarı,Tamek,Gıda Ürünleri
Tamek Meşhur Kahverengi Şişe Kayısı Nektarı,Tamek,Gıda Ürünleri
Tamek Meşhur Kahverengi Şişe Şeftali Nektarı,Tamek,Gıda Ürünleri
Tamek Karadut içeceği,Tamek,Gıda Ürünleri
Tamek Armut Meyveli içecek,Tamek,Gıda Ürünleri
Tamek Portakal Nektarı,Tamek,Gıda Ürünleri
Tamek Vişne Nektarı,Tamek,Gıda Ürünleri
Tamek Karışık Meyve Nektarı,Tamek,Gıda Ürünleri
Tamek Kayısı Nektarı,Tamek,Gıda Ürünleri
Tamek Şeftali Nektarı,Tamek,Gıda Ürünleri
DiMES Kahverengi Şişe Klasik Karışık Meyve Nektarı,Dimes,Gıda Ürünleri
DiMES Kahverengi Şişe Klasik Şeftali Nektarı,Dimes,Gıda Ürünleri
DiMES Kahverengi Şişe Klasik Kayısı Nektarı,Dimes,Gıda Ürünleri
DiMES Kahverengi Şişe Klasik Vişne içeceği,Dimes,Gıda Ürünleri
DiMES Çiftlikyolu Yağlı Süt,Dimes,Gıda Ürünleri
DiMES Çiftlikyolu Yarım Yağlı Süt,Dimes,Gıda Ürünleri
DiMES Çiftlikyolu Salep,Dimes,Gıda Ürünleri
DiMES Küçük Prens Kakaolu Süt,Dimes,Gıda Ürünleri
DiMES Küçük Prens Muzlu Süt,Dimes,Gıda Ürünleri
DiMES Küçük Prens Sade Süt,Dimes,Gıda Ürünleri
DiMES Küçük Prens Elma-Muz-Çilek,Dimes,Gıda Ürünleri
DiMES Geleneksel Osmanlı Şırası,Aslı,Gıda Ürünleri
DiMES Buzz Şeftali,Dimes,Gıda Ürünleri
DiMES Buzz Limon,Dimes,Gıda Ürünleri
DiMES Şekersiz Limonata,Eker,Gıda Ürünleri
DiMES Sade Limonata,Atak,Gıda Ürünleri
DiMES Go Kayısı,Dimes,Gıda Ürünleri
DiMES Go Şeftali,Dimes,Gıda Ürünleri
DiMES Go Vişne,Dimes,Gıda Ürünleri
DiMES Go Karışık,Dimes,Gıda Ürünleri
DiMES 7/24 Tahıllı,Dimes,Gıda Ürünleri
DiMES Özel Seri Rende Elma,Dimes,Gıda Ürünleri
DiMES Özel Seri Xpress C,Dimes,Gıda Ürünleri
DiMES Özel Seri Sofram,Dimes,Gıda Ürünleri
DiMES Premium %100 Domates Suyu,Dimes,Gıda Ürünleri
DiMES Premium %100 Üzüm Suyu,Dimes,Gıda Ürünleri
DiMES Premium %100 Nar Suyu,Dimes,Gıda Ürünleri
DiMES Premium %100 Kırmızı Karışık Meyveler,Dimes,Gıda Ürünleri
DiMES Premium %100 Elma Suyu,Dimes,Gıda Ürünleri
DiMES Premium %100 Portakal Suyu,Dimes,Gıda Ürünleri
DiMES Premium %100 Elma-Şeftali Suyu,Dimes,Gıda Ürünleri
Aroma Limon Aromalı Doğal Mineralli Gazlı içecek,Aroma,Gıda Ürünleri
Aroma %100 Portakal Suyu,Aroma,Gıda Ürünleri
Aroma %100 Mango Elma Suyu,Aroma,Gıda Ürünleri
Aroma %100 Karışık Meyve Suyu,Aroma,Gıda Ürünleri
Aroma %100 Domates Suyu,Aroma,Gıda Ürünleri
Aroma %100 Elma Suyu,Aroma,Gıda Ürünleri
Aroma %100 Nar Elma Suyu,Aroma,Gıda Ürünleri
Aroma %100 Vişne-Elma Suyu,Aroma,Gıda Ürünleri
Aroma %100 Kayısı-Elma Suyu,Aroma,Gıda Ürünleri
Aroma %100 Şeftali-Elma Suyu,Aroma,Gıda Ürünleri
Doğuş Karadeniz Export Çay, Doğuş,Gıda Ürünleri
Doğuş Bergamot Aromalı Çay, Doğuş,Gıda Ürünleri
Çaykur Organik Hemşin Demlik Poşet Çayı,Çaykur,Gıda Ürünleri
Çaykur Organik Hemşin Çayı,Çaykur,Gıda Ürünleri
Çaykur Beyaz iksir,Çaykur,Gıda Ürünleri
Çaykur Burcum Yeşil Çay,Çaykur,Gıda Ürünleri
Çaykur Yaprak Yeşil Çay (Naneli),Çaykur,Gıda Ürünleri
Çaykur Yeşil Süzen Çay Elmalı,Çaykur,Gıda Ürünleri
Çaykur Yeşil Süzen Çay Limonlu,Çaykur,Gıda Ürünleri
Çaykur Yeşil Süzen Çay Melisalı,Çaykur,Gıda Ürünleri
Çaykur Yeşil Süzen Çay Naneli,Çaykur,Gıda Ürünleri
Çaykur Yeşil Süzen Çay Sade,Çaykur,Gıda Ürünleri
Çaykur Demlik Süzen Poşet Çay,Çaykur,Gıda Ürünleri
Çaykur Tomurcuk Çay,Çaykur,Gıda Ürünleri
Çaykur DiDi Limon Aromalı 1Lt. Tetrapak,Çaykur,Gıda Ürünleri
Çaykur DiDi Limon Aromalı 1 Lt.,Çaykur,Gıda Ürünleri
Çaykur DiDi Şeftali Aromalı 1 Lt.,Çaykur,Gıda Ürünleri
Çaykur DiDi Bergamot Aromalı 1Lt.,Çaykur,Gıda Ürünleri
Çaykur DiDi Bergamot Aromalı 1.5 Lt.,Çaykur,Gıda Ürünleri
Çaykur DiDi Şeftali Aromalı 1.5 Lt.,Çaykur,Gıda Ürünleri
Çaykur DiDi Limon Aromalı 1.5 Lt.,Çaykur,Gıda Ürünleri
Çaykur DiDi Bergamot Aromalı 2.5 lt,Çaykur,Gıda Ürünleri
Çaykur DiDi Şeftali Aromalı 2.5 lt,Çaykur,Gıda Ürünleri
Çaykur DiDi Limon Aromalı 2.5 lt,Çaykur,Gıda Ürünleri
Çaykur Organik Zümrüt Yeşil Çay,Çaykur,Gıda Ürünleri
Çaykur Organik Rize Çayı,Çaykur,Gıda Ürünleri
Doğuş Tiryaki Karadeniz Çayı,Doğuş,Gıda Ürünleri
Doğuş Karadeniz Çayı,Doğuş,Gıda Ürünleri
Doğuş Geleneksel Rize Çay, Doğuş,Gıda Ürünleri
Doğuş Gurme Çay, Doğuş,Gıda Ürünleri
Doğuş Filiz Çayı,Doğuş,Gıda Ürünleri
Çaykur DiDi Mini 250 ml Çilek Aromalı,Çaykur,Gıda Ürünleri
Çaykur DiDi Mini 250 ml Şeftali Aromalı,Çaykur,Gıda Ürünleri
Çaykur DiDi Mini 250 ml Limon Aromalı,Çaykur,Gıda Ürünleri
Çaykur DiDi 500 ml Bergamot Aromalı,Çaykur,Gıda Ürünleri
Çaykur DiDi 500 ml Şeftali Aromalı,Çaykur,Gıda Ürünleri
Çaykur DiDi 500 ml Limon Aromalı,Çaykur,Gıda Ürünleri
Çaykur DiDi Şeftali Aromalı 1 Lt. Tetrapak,Çaykur,Gıda Ürünleri
Sarelle Kakaolu Fındık Ezmesi 700 gr,Sarelle,Gıda Ürünleri
Kahve Dünyası 3ü 1 Arada Klasik 100 gr,Kahve Dünyası,Gıda Ürünleri
Beyoğlu Çikolatacısı Fındıklı Sütlü Çikolata 100 gr,Beyoğlu,Gıda Ürünleri
L’era Fresca Limonlu Sorbe,L’era Fresca,Gıda Ürünleri
L’era Fresca Çikolatalı Hindistan Cevizli Dondurma,L’era Fresca,Gıda Ürünleri
L’era Fresca Çilekli Sorbe,L’era Fresca,Gıda Ürünleri
L’era Fresca Tahin Cevizli Dondurma,L’era Fresca,Gıda Ürünleri
L’era Fresca Sütlü Çikolatalı Dondurma,L’era Fresca,Gıda Ürünleri
L’era Fresca Sade Dondurma,L’era Fresca,Gıda Ürünleri
L’era Fresca Fındıklı Dondurma,L’era Fresca,Gıda Ürünleri
L’era Fresca Bitter Çikolatalı Dondurma,L’era Fresca,Gıda Ürünleri
L’era Fresca Antep Fıstıklı Dondurma,L’era Fresca,Gıda Ürünleri
DiMES Premium %100 Elma-Vişne Suyu,Dimes,Gıda Ürünleri
DiMES Premium %100 Ananas Suyu,Dimes,Gıda Ürünleri
DiMES Premium %100 Karışık Meyveler,Dimes,Gıda Ürünleri
DiMES Moments Sıkma Nar,Dimes,Gıda Ürünleri
DiMES Moments Sıkma Elma,Dimes,Gıda Ürünleri
DiMES Moments Sıkma Portakal,Akbal,Gıda Ürünleri
Aroma Şeftali Aromalı Gazlı içecek,Aroma,Gıda Ürünleri
Aroma Mandalinalı Gazlı içecek,Aroma,Gıda Ürünleri
Aroma Ahududu Aromalı Gazlı içecek,Aroma,Gıda Ürünleri
Aroma Limon Aromalı C Plus Doğal Mineralli Gazlı içecek,Aroma,Gıda Ürünleri
Aroma Vişne Aromalı Doğal Mineralli Gazlı içecek,Aroma,Gıda Ürünleri
Aroma Elma Aromalı Doğal Mineralli Gazlı içecek,Aroma,Gıda Ürünleri
Tamek Coffeeto Cappuccino,Tamek,Gıda Ürünleri
Tamek Coffeeto Vanilya,Tamek,Gıda Ürünleri
Tamek Coffeeto Klasik,Tamek,Gıda Ürünleri
Tamek Soğuk Çay Şeftali,Tamek,Gıda Ürünleri
Tamek Soğuk Çay Limon,Tamek,Gıda Ürünleri
Tamek Ananas Aromalı içecek,Tamek,Gıda Ürünleri
Tamek Mango Aromalı içecek,Tamek,Gıda Ürünleri
Tamek Tanelim,Tamek,Gıda Ürünleri
Tamek Saray Şerbeti,Tamek,Gıda Ürünleri
Tamek Limonatam,Tamek,Gıda Ürünleri
"Tamek Meyve Pürem Armut, Elma, Çilek",Tamek,Gıda Ürünleri
"Tamek Meyve Pürem Elma, Şeftali",Tamek,Gıda Ürünleri
Tadelle Bitter Çikolata Kaplamalı Kakaolu Gofret 35 g,Tadelle,Gıda Ürünleri
Tadelle Beyaz Çikolata Kaplamalı Süt Krema Dolgulu Gofret 35 g,Tadelle,Gıda Ürünleri
Tadelle King Size Fındık Dolgulu Sütlü Çikolata 52 g,Tadelle,Gıda Ürünleri
Tadelle King Size Fındık Dolgulu Sütlü Çikolata 40 g,Tadelle,Gıda Ürünleri
Tadelle Beyaz  Çikolata Kaplı  Fındık Dolgulu  Sütlü Çikolata 30 g,Tadelle,Gıda Ürünleri
Tadelle Fındık Dolgulu Bitter Çikolata 30 g,Tadelle,Gıda Ürünleri
Tadelle Fındık Dolgulu Sütlü Çikolata 30 g,Tadelle,Gıda Ürünleri
Kurukahveci Mehmet Efendi - KAKAO 250 g,Kurukahveci Mehmet Efendi,Gıda Ürünleri
Kurukahveci Mehmet Efendi - ESPRESSO (ÇEKiRDEK) 500 / 1000 g,Kurukahveci Mehmet Efendi,Gıda Ürünleri
Kurukahveci Mehmet Efendi - ESPRESSO 250 g,Kurukahveci Mehmet Efendi,Gıda Ürünleri
Kurukahveci Mehmet Efendi - Press Pot,Kurukahveci Mehmet Efendi,Gıda Ürünleri
Kurukahveci Mehmet Efendi - COLOMBıAN FiLTRE KAHVE (ÇEKiRDEK) 500 / 1000 g,Kurukahveci Mehmet Efendi,Gıda Ürünleri
Besler Ona Mısırözü Yağı,Besler,Gıda Ürünleri
Besler Ona Ayçiçek Yağı Teneke,Besler,Gıda Ürünleri
Besler Ona Ayçiçek Yağı,Besler,Gıda Ürünleri
Besler Sabah Margarin,Besler,Gıda Ürünleri
Besler Hüner Margarin,Besler,Gıda Ürünleri
Besler Halk Kase Margarin,Besler,Gıda Ürünleri
Besler Halk Margarin,Besler,Gıda Ürünleri
Besler Yayla Kase Margarin,Besler,Gıda Ürünleri
Besler Yayla Margarin,Besler,Gıda Ürünleri
Besler Luna Klasik,Besler,Gıda Ürünleri
Besler Bizim Mısırözü Yağı Besler,Eker,Gıda Ürünleri
Besler Bizim Mısırözü Yağı,Besler,Gıda Ürünleri
Aynes ViŞNE KOMPOSTOSU,Aynes,Gıda Ürünleri
Aynes ŞEFTALi KOMPOSTOSU,Aynes,Gıda Ürünleri
Aynes TAM YAĞLı KREMA,Aynes,Gıda Ürünleri
Aynes RULO TEREYAĞı,Aynes,Gıda Ürünleri
Aynes ŞiŞE AYRAN,Aynes,Gıda Ürünleri
Aynes BARDAK AYRAN,Aynes,Gıda Ürünleri
Aynes MEYVELi YOĞURT,Aynes,Gıda Ürünleri
Aynes SÜZME YOĞURT,Aynes,Gıda Ürünleri
Aynes KAYMAKSıZ YOĞURT,Aynes,Gıda Ürünleri
Aynes KAYMAKLı YOĞURT,Aynes,Gıda Ürünleri
Aynes SÜRÜLEBiLiR BEYAZ PEYNiR,Aynes,Gıda Ürünleri
Aynes DiLiMLi KAŞAR PEYNiRi,Aynes,Gıda Ürünleri
Kafkas Kestane Şekeri Bütün Pls Kap 1000 Gr,Kafkas,Gıda Ürünleri
Kafkas Kestane Şekeri Sade Büyük 650 Gr,Kafkas,Gıda Ürünleri
Kafkas Saray Helvası Vanilyalı 300 Gr,Kafkas,Gıda Ürünleri
Kafkas Saray Helvası Çikolata Kaplı 350 Gr,Kafkas,Gıda Ürünleri
Kafkas Pişmaniye Vanilya-Kakao 450 Gr,Kafkas,Gıda Ürünleri
Kafkas Pişmaniye ve Saray Helva Çeşitleri 600 Gr,Kafkas,Gıda Ürünleri
Kafkas Krokan Antep Fıstıklı 35 Gr,Kafkas,Gıda Ürünleri
Kafkas Krokan Fındıklı 45 Gr,Kafkas,Gıda Ürünleri
Kafkas Dolgulu Meyve Kuru Kayısı 8 li,Kafkas,Gıda Ürünleri
Kafkas Kestane Şekeri 8 li Bitter Çikolata Kaplı,Kafkas,Gıda Ürünleri
Kafkas Kestaneli Şekerlemesi Dolgulu 240 Gr,Kafkas,Gıda Ürünleri
Çaykur Rize Turist Çayı,Çaykur,Gıda Ürünleri
Çaykur Bergamot Aromalı Karadeniz Çayı,Çaykur,Gıda Ürünleri
Çaykur Tiryaki Çayı,Çaykur,Gıda Ürünleri
Çaykur Filiz Çayı,Çaykur,Gıda Ürünleri
Çaykur Altınbaş,Çaykur,Gıda Ürünleri
Çaykur Ramazan Çayı,Çaykur,Gıda Ürünleri
Çaykur Tamdem Bergamot Aromalı Çay,Aroma,Gıda Ürünleri
Kafkas Kestane Şekeri Cevizli 550 Gr,Kafkas,Gıda Ürünleri
Kafkas Kestane Şekeri Çikolatalı Büyük 560 Gr,Kafkas,Gıda Ürünleri
Kafkas Kestane Şekeri Baraklı Tuğra Teneke,Kafkas,Gıda Ürünleri
Kafkas Kestane Şekeri Baraklı Bursa Teneke,Kafkas,Gıda Ürünleri
Kafkas Kestane Şekeri Fantezi 1000 Gr,Kafkas,Gıda Ürünleri
Bifa Bisküvi STORM Snowcap - Hindistan Cevizli Çilekli Kakaolu Kek,Bifa Bisküvi,Gıda Ürünleri
Bifa Bisküvi STORM Snowcap - Hindistan Cevizli Kakaolu Kek,Bifa Bisküvi,Gıda Ürünleri
Adatepe Doğal Zeytinyağı Sabunu 135 gr.,Adatepe Doğal Zeytinyağı Sabunu 135 gr.,Gıda Ürünleri
Adatepe Çizik Yeşil Salamura Zeytin,Adatepe,Gıda Ürünleri
Adatepe Oval Teneke Naturel Sızma Zeytinyağı 500 ml,Adatepe,Gıda Ürünleri
Adatepe Ekonomik Boy Teneke Naturel sızma Zeytinyağı 2 lt,Adatepe,Gıda Ürünleri
Adatepe Köşeli Şişe Naturel Sızma Zeytinyağı 1lt,Adatepe,Gıda Ürünleri
Tadelle Sütlü Çikolata Kaplamalı  Gofretli Fındıklı Granül Bar 32 g,Tadelle,Gıda Ürünleri
Tadelle 3'lü Poşet Fındık Dolgulu Sütlü Çikolata,Tadelle,Gıda Ürünleri
Tadelle 3'lü Poşet Fındık Dolgulu Sütlü Çikolata (30 g x 3 adet Fındık Dolgulu Sütlü Çikolata),Tadelle,Gıda Ürünleri
Tadelle Fındık Dolgulu Şekersiz Sütlü Çikolata 20 g,Tadelle,Gıda Ürünleri
Tadelle Sütlü Çikolata Kaplamalı Fındık Kremalı Gofret 35 g,Tadelle,Gıda Ürünleri
Aytaç Çiftlik Açık Dana Kangal Sucuk,Aytaç,Gıda Ürünleri
Aytaç Çiftlik Piliç Salam 850 Gr,Aytaç,Gıda Ürünleri
Aytaç Dilimli Kavurma,Aytaç,Gıda Ürünleri
Aytaç Piliç Blok Jambon,Aytaç,Gıda Ürünleri
Aytaç Dana Jambon,Aytaç,Gıda Ürünleri
Aytaç Blok Kavurma,Aytaç,Gıda Ürünleri
Aytaç Keyifli Et Lokmaları - Sade,Aytaç,Gıda Ürünleri
Aytaç Keyifli Et Lokmaları - Kekikli,Aytaç,Gıda Ürünleri
Aytaç Keyifli Et Lokmaları - Karabiberli,Aytaç,Gıda Ürünleri
Aytaç Dana Kokteyl Sosis,Aytaç,Gıda Ürünleri
Aytaç Piliç Kokteyl Sosis,Aytaç,Gıda Ürünleri
Aytaç Dana Sosis 9'lu,Aytaç,Gıda Ürünleri
Balparmak Monoflora Serisi,Balparmak,Gıda Ürünleri
Balparmak Yöresel Serisi,Balparmak,Gıda Ürünleri
Balparmak Süzme Çam Balı,Balparmak,Gıda Ürünleri
Balparmak Süzme Çiçek Yayla ve Ova Balı,Balparmak,Gıda Ürünleri
Balparmak Süzme Çiçek Yayla Balı,Balparmak,Gıda Ürünleri
Balparmak Çıt Kapak Süzme Çiçek Balı 600 g (Özel Seçim),Balparmak,Gıda Ürünleri
Balparmak Çıt Kapak Süzme Çiçek Balı 350 g (Özel Seçim),Balparmak,Gıda Ürünleri
Balparmak Kavanoz Süzme Çiçek Balı 460 g (Özel Seçim),Balparmak,Gıda Ürünleri
Balparmak Kavanoz Süzme Çiçek Balı 225 g (Özel Seçim),Balparmak,Gıda Ürünleri
Bifa Bisküvi FENOMEN,Bifa,Gıda Ürünleri
Bifa Bisküvi RAUND,Bifa Bisküvi,Gıda Ürünleri
Bifa Bisküvi STORM Snowcap - Kakao Granüllü Kek,Bifa Bisküvi,Gıda Ürünleri
Aynes BARBıE ÇiLEK AROMALı SÜT,Aynes,Gıda Ürünleri
Aynes Kahvaltılık Süt,Aynes,Gıda Ürünleri
Aynes Uzun Ömürlü Süt,Aynes,Gıda Ürünleri
Aytaç Çiftlik Dilimli Kavurma,Aytaç,Gıda Ürünleri
Aytaç Çiftlik Blok Kavurma,Aytaç,Gıda Ürünleri
Aytaç Çiftlik Piliç Kokteyl Sosis 450 gr,Aytaç,Gıda Ürünleri
Aytaç Çiftlik Piliç Kokteyl Sosis 225 gr,Aytaç,Gıda Ürünleri
Aytaç Çiftlik Dana Kahvaltılık Salam,Aytaç,Gıda Ürünleri
Aytaç Çiftlik Piliç Salam 600 Gr,Aytaç,Gıda Ürünleri
Aytaç Çiftlik Piliç Baton Sucuk,Aytaç,Gıda Ürünleri
Aytaç Çiftlik Dana Kangal Sucuk,Aytaç,Gıda Ürünleri
Aytaç Çiftlik Piliç Kangal Sucuk,Aytaç,Gıda Ürünleri
Besler Bizim Ayçiçek Yağı Teneke,Besler,Gıda Ürünleri
Besler Bizim Ayçiçek Yağı,Besler,Gıda Ürünleri
Besler Bizim Yağ Kase,Besler,Gıda Ürünleri
Besler Bizim Yağ Paket Yağ,Besler,Gıda Ürünleri
Besler Teremyağ Gurme Kaymaklı,Besler,Gıda Ürünleri
Besler Teremyağ Klasik Kase,Besler,Gıda Ürünleri
Besler  Teremyağ Klasik Paket 250 Gr,Besler,Gıda Ürünleri
Balparmak 7’li Piknik,Balparmak,Gıda Ürünleri
Balparmak Katla Balla,Balparmak,Gıda Ürünleri
Balparmak Çocuk Grubu,Balparmak,Gıda Ürünleri
Balparmak Balkovan,Balparmak,Gıda Ürünleri
Balparmak Binbirçiçek,Balparmak,Gıda Ürünleri
Aytaç Dilimli Piliç Sucuk,Aytaç,Gıda Ürünleri
Aytaç Piliç Sucuk - Acılı,Aytaç,Gıda Ürünleri
Aytaç Piliç Sucuk,Aytaç,Gıda Ürünleri
Aytaç Dana Parmak Sucuk,Aytaç,Gıda Ürünleri
Aytaç Mangal Keyfi Dana Sucuk,Aytaç,Gıda Ürünleri
Aytaç Geleneksel Dana Kangal Sucuk,Aytaç,Gıda Ürünleri
Aytaç Klasik Dana Sucuk - Acılı,Aytaç,Gıda Ürünleri
Aytaç Klasik Dana Sucuk,Aytaç,Gıda Ürünleri
Aytaç Gurme Dana Sucuk - Acılı,Aytaç,Gıda Ürünleri
Aytaç Gurme Dana Sucuk,Aytaç,Gıda Ürünleri
Aytaç Çerkeş Dana Sucuk Dilimli,Aytaç,Gıda Ürünleri
Aytaç Çerkeş Dana Sucuk - Acılı,Aytaç,Gıda Ürünleri
Saray Bisküvi - Powernut  3'lü,Saray Bisküvi,Gıda Ürünleri
Saray Bisküvi - Powernut,Saray Bisküvi,Gıda Ürünleri
Saray Bisküvi - Finger,Saray Bisküvi,Gıda Ürünleri
Saray Bisküvi - Susamlı,Saray Bisküvi,Gıda Ürünleri
Saray Bisküvi - Prens Vanilya Aromalı Kremalı Sandviç Bisküvi,Saray Bisküvi,Gıda Ürünleri
Saray Bisküvi - Prens Kakaolu Fındıklı Kremalı Sand. Bisküvi,Saray Bisküvi,Gıda Ürünleri
Saray Bisküvi - Prens Kakao Kremalı Sandviç Bisküvi,Saray Bisküvi,Gıda Ürünleri
Saray Bisküvi - Prens Kakaolu 500 gr,Saray Bisküvi,Gıda Ürünleri
Saray Bisküvi - Prens Vanilyalı 500 gr,Saray Bisküvi,Gıda Ürünleri
Saray Bisküvi - Prens Muzlu 200 gr,Saray Bisküvi,Gıda Ürünleri
Saray Bisküvi - Prens Çilekli 200 gr,Saray Bisküvi,Gıda Ürünleri
Saray Bisküvi - Prens Kakaolu 200 gr,Saray Bisküvi,Gıda Ürünleri
Aytaç Çerkeş Dana Sucuk,Aytaç,Gıda Ürünleri
Aytaç Geleneksel Dana Sucuk,Aytaç,Gıda Ürünleri
Aytaç Tam Tostluk Piliç Kare Sucuk - 4 Dilim,Aytaç,Gıda Ürünleri
Aytaç Tam Tostluk Piliç Kare Sucuk - 7 Dilim,Aytaç,Gıda Ürünleri
Aytaç Tam Tostluk Dana Kare Sucuk - 4 Dilim,Aytaç,Gıda Ürünleri
Aytaç Tam Tostluk Dana Kare Sucuk - 7 Dilim,Aytaç,Gıda Ürünleri
Aytaç Şipşak Piliç Kokteyl Sosis,Aytaç,Gıda Ürünleri
Aytaç Şipşak Dana Baton Sucuk,Aytaç,Gıda Ürünleri
Aytaç Şipşak Dilimli Macar Salam,Aytaç,Gıda Ürünleri
Aytaç Şipşak Dilimli Piliç Salam,Aytaç,Gıda Ürünleri
Saray Bisküvi - Offtime 3'lü,Saray Bisküvi,Gıda Ürünleri
Saray Bisküvi - Offtime,Saray Bisküvi,Gıda Ürünleri
Torku %100 Sıkma Üzüm Suyu - 250 ml,Torku,Gıda Ürünleri
Torku Bordo Limonlu Acılı Şalgam Suyu - 1000 ml,Torku,Gıda Ürünleri
Torku Bordo Limonlu Acılı Şalgam Suyu - 330 ml,Torku,Gıda Ürünleri
Torku Bordo Şalgam Suyu - 1000 ml (Cam Şişe),Torku,Gıda Ürünleri
Torku Bordo Şalgam Suyu - 1000 ml,Torku,Gıda Ürünleri
Torku Bordo Şalgam Suyu - 330 ml,Torku,Gıda Ürünleri
Torku Bordo Şalgam Suyu - 250 ml (Cam Şişe),Torku,Gıda Ürünleri
Torku Bordo Acılı Şalgam Suyu - 1000 ml (Cam Şişe),Torku,Gıda Ürünleri
Torku Bordo Acılı Şalgam Suyu - 1000 ml,Torku,Gıda Ürünleri
Torku Bordo Acılı Şalgam Suyu - 330 ml,Torku,Gıda Ürünleri
Torku Bordo Acılı Şalgam Suyu - 250 ml (Cam Şişe),Torku,Gıda Ürünleri
Torku Limonata - 1000 ml,Torku,Gıda Ürünleri
Torku Limonata - 250 ml,Torku,Gıda Ürünleri
Torku Tam Buğday Unlu Kraker,Torku,Gıda Ürünleri
Torku Tatkrak Peynirli Kraker - 100 gr,Torku,Gıda Ürünleri
Torku Tatkrak Peynirli Kraker - 40 gr,Torku,Gıda Ürünleri
Torku Tatkrak Baharatlı Kraker - 100 gr,Torku,Gıda Ürünleri
Torku Tatkrak Baharatlı Kraker - 40 gr,Torku,Gıda Ürünleri
Torku Susamlı Çubuk Kraker - 45 gr,Torku,Gıda Ürünleri
Torku Susamlı Çubuk Kraker - 136 gr,Torku,Gıda Ürünleri
Torku Baharatlı Çubuk Kraker - 45 gr,Torku,Gıda Ürünleri
Torku Baharatlı Çubuk Kraker - 120 gr,Torku,Gıda Ürünleri
Torku Peynirli Çubuk Kraker - 120 gr,Torku,Gıda Ürünleri
Torku Peynirli Çubuk Kraker - 45 gr,Torku,Gıda Ürünleri
Saray Bisküvi - LoveıT Kek - Frambuaz Kremalı,Saray Bisküvi,Gıda Ürünleri
Saray Bisküvi - LoveıT Kek - Kakaolu,Saray Bisküvi,Gıda Ürünleri
Saray Bisküvi - LoveıT Kek - Limon Aromalı,Saray Bisküvi,Gıda Ürünleri
Saray Bisküvi - Chocolips - 3'lü Paket,Saray Bisküvi,Gıda Ürünleri
Saray Bisküvi - Chocolips,Saray Bisküvi,Gıda Ürünleri
Torku Kırmızı Şerbet - 1 lt,Torku,Gıda Ürünleri
Torku Kırmızı Şerbet  - 250 ml,Torku,Gıda Ürünleri
Torku Yeşil Şerbet - 1 lt,Torku,Gıda Ürünleri
Torku Yeşil Şerbet - 250 ml,Torku,Gıda Ürünleri
Torku %100 Sıkma Elma Suyu - 1 lt,Torku,Gıda Ürünleri
Torku %100 Sıkma Elma Suyu - 250 ml,Torku,Gıda Ürünleri
Torku %100 Sıkma Üzüm Suyu - 1 lt,Torku,Gıda Ürünleri
Aynes KAŞAR,Aynes,Gıda Ürünleri
Aynes KLASiK BEYAZ PEYNiR,Aynes,Gıda Ürünleri
Aynes LOKUM KıVAMıNDA BEYAZ PEYNiR,Aynes,Gıda Ürünleri
Aynes 1kg BEYAZ PEYNiR,Aynes,Gıda Ürünleri
Aynes TAM YAĞLı BEYAZ PEYNiR,Aynes,Gıda Ürünleri
Aynes NıNJA TURTLES SADE SÜT,Aynes,Gıda Ürünleri
Aynes NıNJA TURTLES KAKAO AROMALı SÜT,Aynes,Gıda Ürünleri
Aynes NıNJA TURTLES MUZ AROMALı SÜT,Aynes,Gıda Ürünleri
Aynes NıNJA TURTLES ÇiLEK AROMALı SÜT,Aynes,Gıda Ürünleri
Aynes BARBıE SADE SÜT,Aynes,Gıda Ürünleri
Aynes BARBıE KAKAO AROMALı SÜT,Aynes,Gıda Ürünleri
Aynes BARBıE MUZ AROMALı SÜT,Aynes,Gıda Ürünleri
Torku Acılı Çubuk Kraker - 120 gr,Torku,Gıda Ürünleri
Torku Acılı Çubuk Kraker - 45 gr,Torku,Gıda Ürünleri
Torku Klasik Tuzlu Çubuk Kraker - 120 gr,Torku,Gıda Ürünleri
Torku Klasik Tuzlu Çubuk Kraker - 36 gr,Torku,Gıda Ürünleri
Torku Miniki - Süt Kremalı Kakaolu Kek,Torku,Gıda Ürünleri
Torku Favorimo - Mozaik Kek,Torku,Gıda Ürünleri
Torku Favorimo - Meyveli Kek,Torku,Gıda Ürünleri
Torku Favorimo - Fındıklı Kakaolu Kek,Torku,Gıda Ürünleri
Torku Favorimo Çoko - Elmalı & Tarçınlı Kek,Torku,Gıda Ürünleri
Torku Favorimo Çoko - Muz Soslu Kek,Torku,Gıda Ürünleri
Torku Favorimo Çoko Çikolata Soslu Kek,Torku,Gıda Ürünleri
Torku Favorimo Çoko - Ahududu Soslu Kek,Torku,Gıda Ürünleri
Aytaç Dana Sosis 5'li,Aytaç,Gıda Ürünleri
Aytaç Piliç Sosis 9'lu,Aytaç,Gıda Ürünleri
Aytaç Piliç Sosis 5'li,Aytaç,Gıda Ürünleri
Aytaç Piliç Salam 200 gr,Aytaç,Gıda Ürünleri
Aytaç Piliç Salam 750 gr,Aytaç,Gıda Ürünleri
Aytaç Kahvaltılık Dana Salam 1000 gr,Aytaç,Gıda Ürünleri
Aytaç Kahvaltılık Dana Salam 200 gr,Aytaç,Gıda Ürünleri
Aytaç Fıstıklı Macar Salam 200 gr,Aytaç,Gıda Ürünleri
Aytaç Fıstıklı Macar Salam 1000 gr,Aytaç,Gıda Ürünleri
Aytaç Macar Salam 1000 gr,Aytaç,Gıda Ürünleri
Aytaç Piliç Baton Sucuk,Aytaç,Gıda Ürünleri
Aytaç Mangal Keyfi Piliç Sucuk,Aytaç,Gıda Ürünleri
Saray Bisküvi - Soggy,Saray Bisküvi,Gıda Ürünleri
Saray Bisküvi - Tatpare Kakaolu,Tat,Gıda Ürünleri
Saray Bisküvi - Tatpare Vişneli,Tat,Gıda Ürünleri
Saray Bisküvi - Tatpare Çilekli,Tat,Gıda Ürünleri
Saray Bisküvi - Vovo,Saray Bisküvi,Gıda Ürünleri
Saray Bisküvi - Choco Cake,Saray Bisküvi,Gıda Ürünleri
Saray Bisküvi - Cake Star Karamelli,Saray Bisküvi,Gıda Ürünleri
Saray Bisküvi - Cake Star Kakaolu,Saray Bisküvi,Gıda Ürünleri
Saray Bisküvi - Dolce Muzlu,Saray Bisküvi,Gıda Ürünleri
Saray Bisküvi - Dolce Limonlu,Saray Bisküvi,Gıda Ürünleri
Saray Bisküvi - Dolce 3'lü,Saray Bisküvi,Gıda Ürünleri
Saray Bisküvi - Dolce - Çikolatalı,Saray Bisküvi,Gıda Ürünleri
Saray Bisküvi -  Prens Vanilyalı 200 gr,Saray Bisküvi,Gıda Ürünleri
Saray Bisküvi - Loveıt - Kayısılı Doğal Meyve Pastası,Saray Bisküvi,Gıda Ürünleri
Saray Bisküvi - Loveıt - Misket Limonlu Doğal Meyve Pastası,Saray Bisküvi,Gıda Ürünleri
Saray Bisküvi - Loveıt - Frambuazlı Doğal Meyve Pastası,Saray Bisküvi,Gıda Ürünleri
Saray Bisküvi - LoveıT Gofret - Çilek Kremalı Rulo Gofret,Saray Bisküvi,Gıda Ürünleri
Saray Bisküvi - LoveıT Gofret - Frambuaz Kremalı Rulo Gofret,Saray Bisküvi,Gıda Ürünleri
Saray Bisküvi - LoveıT Gofret - Misket Limon Kremalı Rulo Gofret,Saray Bisküvi,Gıda Ürünleri
Saray Bisküvi - Eldenele Fındıklı Rulo Gofret,Saray Bisküvi,Gıda Ürünleri
Saray Bisküvi - Eldenele Vanilya ve Sütlü Kremalı Küp Gofret,Saray Bisküvi,Gıda Ürünleri
Saray Bisküvi - Eldenele Kakao Fındık Kremalı Küp Gofret,Saray Bisküvi,Gıda Ürünleri
Saray Bisküvi - Çikonella - 25 gr,Saray Bisküvi,Gıda Ürünleri
Saray Bisküvi - Çikonella - 500 gr,Saray Bisküvi,Gıda Ürünleri
Torku Enjoy - Portakallı Mozaik Kek,Torku,Gıda Ürünleri
Torku Enjoy - Çikolata Soslu Mozaik Kek,Torku,Gıda Ürünleri
Torku Tam Buğdaylı Kek,Torku,Gıda Ürünleri
Torku Tam Buğdaylı Kek Damla Çikolatalı,Torku,Gıda Ürünleri
Torku Tam Buğdaylı Kek Limonlu,Torku,Gıda Ürünleri
Sarelle Bitter Çikolata Kaplamalı  Bitter Krema Dolgulu Fındıklı  Gofret 33g,Sarelle,Gıda Ürünleri
Sarelle Sütlü Çikolata Kaplamalı  Fındık Ezme Dolgulu Gofret 33g,Sarelle,Gıda Ürünleri
Sarelle Sütlü Çikolata  Kaplamalı Fındıklı Gofret 33 g,Sarelle,Gıda Ürünleri
Sarelle Şeker ilavesiz  Kakaolu Fındık Ezmesi 350 g,Lav,Gıda Ürünleri
Sarelle Sütlü Kakaolu  Fındık Kreması (DUO) 350 g,Sarelle,Gıda Ürünleri
Sarelle Kakaolu  Fındık Ezmesi 350 g,Sarelle,Gıda Ürünleri
Torku Helvalı Tahin Kreması,Torku,Gıda Ürünleri
Kurukahveci Mehmet Efendi - GUATEMALA FiLTRE KAHVE (KAFEiNSiZ) 250 g,Kurukahveci Mehmet Efendi,Gıda Ürünleri
Kurukahveci Mehmet Efendi - BRAZıLıAN FiLTRE KAHVE 250 g,Kurukahveci Mehmet Efendi,Gıda Ürünleri
Kurukahveci Mehmet Efendi - ETHıOPıAN FiLTRE KAHVE 250 g,Kurukahveci Mehmet Efendi,Gıda Ürünleri
Kurukahveci Mehmet Efendi - COLOMBıAN FiLTRE KAHVE 250 / 500 g,Kurukahveci Mehmet Efendi,Gıda Ürünleri
Kurukahveci Mehmet Efendi - Türk Kahvesi Seti,Kurukahveci Mehmet Efendi,Gıda Ürünleri
Kurukahveci Mehmet Efendi - TÜRK KAHVESi (KAFEiNSiZ) 50 g,Kurukahveci Mehmet Efendi,Gıda Ürünleri
Kurukahveci Mehmet Efendi - TÜRK KAHVESi 250 / 500 g,Kurukahveci Mehmet Efendi,Gıda Ürünleri
Kurukahveci Mehmet Efendi - TÜRK KAHVESi 12×6 g,Kurukahveci Mehmet Efendi,Gıda Ürünleri
Kurukahveci Mehmet Efendi - TÜRK KAHVESi 100 g,Kurukahveci Mehmet Efendi,Gıda Ürünleri
Aynes KARıŞıK MEYVE SUYU,Aynes,Gıda Ürünleri
Aynes ViŞNE SUYU,Aynes,Gıda Ürünleri
Aynes PORTAKAL SUYU,Aynes,Gıda Ürünleri
Torku Fındık Ezmesi,Torku,Gıda Ürünleri
Torku Frema 1000 gr,Torku,Gıda Ürünleri
Torku Frema 650 gr,Torku,Gıda Ürünleri
Torku Frema 400 gr,Torku,Gıda Ürünleri
Torku Frema 180 gr,Torku,Gıda Ürünleri
Torku Banada Kids 450 gr,Torku,Gıda Ürünleri
Torku Banada Kids 400 gr,Torku,Gıda Ürünleri
Torku Banada 2500 gr,Torku,Gıda Ürünleri
Torku Banada 1000 gr,Torku,Gıda Ürünleri
Torku Banada 700 gr,Torku,Gıda Ürünleri
Torku Banada 400 gr,Torku,Gıda Ürünleri
Torku Banada 180 gr,Torku,Gıda Ürünleri
Torku Premio Süt Kremalı Kakaolu Bisküvi 86 gr,Torku,Gıda Ürünleri
Torku Premio Süt Kremalı Kakaolu Bisküvi 57 gr,Torku,Gıda Ürünleri
Torku Tutarcık Portakal Jöleli 3x102 gr,Torku,Gıda Ürünleri
Torku Tutarcık Portakal Jöleli 102 gr,Torku,Gıda Ürünleri
Torku Favorimo Çikolata Kremalı Bisküvi 4x68 gr,Torku,Gıda Ürünleri
Torku Favorimo Çikolata Kremalı Bisküvi 68 gr,Torku,Gıda Ürünleri
Torku Favorimo Muz Kremalı Bisküvi 4x68 gr,Torku,Gıda Ürünleri
Torku Favorimo Muz Kremalı Bisküvi 68 gr,Torku,Gıda Ürünleri
Torku Fındık Kremalı Bisküvi 4x68 gr,Torku,Gıda Ürünleri
Torku Fındık Kremalı Bisküvi 68 gr,Torku,Gıda Ürünleri
Torku Sade Kremalı Bisküvi 4x68 gr,Torku,Gıda Ürünleri
Torku Sade Kremalı Bisküvi 68 gr,Torku,Gıda Ürünleri
Torku Davet Kakaolu Damla Çikolatalı Bisküvi 130 gr,Torku,Gıda Ürünleri
Torku Davet Kakaolu Damla Çikolatalı Bisküvi 82 gr,Torku,Gıda Ürünleri
Torku Davet Fındıklı Bisküvi 180 gr,Torku,Gıda Ürünleri
Torku Davet Fındıklı Bisküvi 130 gr,Torku,Gıda Ürünleri
Torku Davet Fındıklı Bisküvi 82 gr,Torku,Gıda Ürünleri
Torku Davet Fındıklı Bisküvi 37 gr,Torku,Gıda Ürünleri
Torku Premio Çikolata Kaplamalı Portakallı 156 gr,Torku,Gıda Ürünleri
Torku Premio Çikolata Kaplamalı Portakallı 39 gr,Torku,Gıda Ürünleri
Torku Premio Süt Kremalı Kakaolu Bisküvi 4x114 gr,Torku,Gıda Ürünleri
Torku Premio Süt Kremalı Kakaolu Bisküvi 3x132 gr,Torku,Gıda Ürünleri
Torku Premio Süt Kremalı Kakaolu Bisküvi 3x86 gr,Torku,Gıda Ürünleri
Torku Premio Süt Kremalı Kakaolu Bisküvi 132 gr,Torku,Gıda Ürünleri
Torku Banada Bitter,Torku,Gıda Ürünleri
Torku Bitter Çikolata Kaplamalı Marshmallowlu Bisküvi 66 gr,Torku,Gıda Ürünleri
Torku Çikolata Kaplamalı Marshmallowlu Bisküvi 66 gr,Torku,Gıda Ürünleri
Torku Miniki Kakaolu Sütlü Bisküvi,Torku,Gıda Ürünleri
Torku Miniki Sütlü Bisküvi,Torku,Gıda Ürünleri
Torku Miniki Çilek Jöleli Kakaolu Bisküvi 102 gr,Torku,Gıda Ürünleri
Torku Miniki Çilek Jöleli Kakaolu Bisküvi 25 gr,Torku,Gıda Ürünleri
Torku Miniki Portakal Jöleli Turtacık 102 gr,Torku,Gıda Ürünleri
Torku Miniki Portakal Jöleli Turtacık 25gr,Torku,Gıda Ürünleri
Torku Delidolu Kakao Kremalı Mozaik Bisküvi 130 gr,Torku,Gıda Ürünleri
Torku Delidolu Kakao Kremalı Mozaik Bisküvi 110 gr,Torku,Gıda Ürünleri
Torku Davet Kakaolu Damla Çikolatalı Bisküvi 180 gr,Torku,Gıda Ürünleri
Torku Tam Buğdaylı Bisküvi 3x131 gr,Torku,Gıda Ürünleri
Torku Tam Buğdaylı Bisküvi 131 gr,Torku,Gıda Ürünleri
Torku Tam Yulaflı Bisküvi 3x118 gr,Torku,Gıda Ürünleri
Torku Tam Yulaflı Bisküvi 118 gr,Torku,Gıda Ürünleri
Torku Tam Kremalım - Kakaolu,Torku,Gıda Ürünleri
Torku Tam Çikolatam,Torku,Gıda Ürünleri
Torku Pötibör Bisküvi 4x175 gr,Torku,Gıda Ürünleri
Torku Pötibör Bisküvi 175 gr,Torku,Gıda Ürünleri
Torku Tam Buğdaylı Ahududu Kremalı Gofret 142 gr,Torku,Gıda Ürünleri
Torku Tam Buğdaylı Ahududu Kremalı Gofret 66 gr,Torku,Gıda Ürünleri
Torku Tam Gofret Sütlü 142 gr,Torku,Gıda Ürünleri
Torku Tam Gofret Sütlü 66 gr,Torku,Gıda Ürünleri
Torku Gofret Çilek Kremalı 142 gr,Torku,Gıda Ürünleri
Torku Gofret Çilek Kremalı 40 gr,Torku,Gıda Ürünleri
Torku Gofret Kakao-Sade Kremalı 142 gr,Torku,Gıda Ürünleri
Torku Gofret Kakao-Sade Kremalı 40 gr,Torku,Gıda Ürünleri
Torku Gofret Karamel-Fındık Kremalı 142 gr,Torku,Gıda Ürünleri
Torku Gofret Karamel-Fındık Kremalı 40 gr,Torku,Gıda Ürünleri
Torku Gofret Fındık Kremalı 142 gr,Torku,Gıda Ürünleri
Torku Gofret Fındık Kremalı 40 gr,Torku,Gıda Ürünleri
Eti Topkek Fındıklı Kakaolu,Eti,Gıda Ürünleri
Eti Topkek Mozaik,Eti,Gıda Ürünleri
Eti Topkek Portakallı,Eti,Gıda Ürünleri
Eti Topkek Meyveli,Eti,Gıda Ürünleri
Eti Topkek Çilekli,Eti,Gıda Ürünleri
Eti Popkek Limonlu,Eti,Gıda Ürünleri
Eti Popkek Muzlu,Eti,Gıda Ürünleri
Eti Popkek Çikolatalı,Eti,Gıda Ürünleri
Eti Popkek Vişneli,Eti,Gıda Ürünleri
Eti Popkek Portakallı,Eti,Gıda Ürünleri
Eti Popkek Goa Çikolatalı,Eti,Gıda Ürünleri
Eti Browni ıntense Çikolata Kaplı Krema Dolgulu Kek Bar,Eti,Gıda Ürünleri
Eti Browni Gold Çikolata Soslu Çikolatalı Kek,Eti,Gıda Ürünleri
Eti Browni Gold Vişne Soslu Çikolatalı Kek,Eti,Gıda Ürünleri
Eti Süt Burger,Eti,Gıda Ürünleri
Eti Browni Mousse Çikolata Kaplı Krema Dolgulu Kek,Eti,Gıda Ürünleri
Eti Browni Çikolatalı Fındıklı Kek Bar,Eti,Gıda Ürünleri
Eti 1 Dilim Kek Üzümlü,Eti,Gıda Ürünleri
Eti 1 Dilim Kek Mozaik,Eti,Gıda Ürünleri
Eti 1 Dilim Kek Kakaolu,Eti,Gıda Ürünleri
Eti Browni Çikolatalı Fındıklı Kek,Eti,Gıda Ürünleri
Eti Browni Gold Mini,Eti,Gıda Ürünleri
Eti Browni ıntense Bitter Çikolata Kaplı Vişne Soslu Kek,Eti,Gıda Ürünleri
Eti Browni ıntense Çikolata Kaplı Krema Dolgulu Kek,Eti,Gıda Ürünleri
Eti Paykek Şekl-i Şahane Çikolata Soslu Fındıklı Beyaz Çikolatalı Kek,Eti,Gıda Ürünleri
Eti Paykek Şekl-i Şahane Çikolata Soslu Fındıklı Kek,Eti,Gıda Ürünleri
Eti Paykek Kakaolu,Eti,Gıda Ürünleri
Eti Paykek Mozaik,Eti,Gıda Ürünleri
Eti Çikolata Fındıklı Sütlü Çikolata,Eti,Gıda Ürünleri
Eti Çikolata Bütün Antep Fıstıklı Sütlü Çikolata,Eti,Gıda Ürünleri
Eti Çikolata Sticks Sütlü,Eti,Gıda Ürünleri
Eti Çikolata Sticks Fındık Kremalı Dolgulu,Eti,Gıda Ürünleri
Eti Çikolata Sticks Antep Fıstık,Eti,Gıda Ürünleri
Eti Karam %54 Kakaolu Bitter Çikolata,Eti,Gıda Ürünleri
Eti Karam %70 Kakaolu Bitter Çikolata,Eti,Gıda Ürünleri
Eti Karam %54 Kakaolu Portakal & Badem Parçacıklı Bitter Çikolata,Eti,Gıda Ürünleri
Eti Karam %54 Kakaolu Antep Fıstıklı Bitter Çikolata,Eti,Gıda Ürünleri
Eti Karam Sticks %54 Bitter Çikolata,Eti,Gıda Ürünleri
Eti Karam Sticks Portakallı Bitter Çikolata,Eti,Gıda Ürünleri
Eti Karam Sticks Karadutlu & Böğürtlenli Bitter Çikolata,Eti,Gıda Ürünleri
Eti Paykek Havuçlu Cevizli Tarçınlı,Eti,Gıda Ürünleri
Eti Paykek Meyveli,Eti,Gıda Ürünleri
Eti Popkek Mini Muzlu,Eti,Gıda Ürünleri
Eti Popkek Mini Çikolatalı,Eti,Gıda Ürünleri
Eti Fırınından Tartini Frambuazlı Turta,Eti,Gıda Ürünleri
Eti Çikolata Sütlü,Eti,Gıda Ürünleri
Eti Çikolata Karamel Dolgulu Sütlü Çikolata,Eti,Gıda Ürünleri
Eti Çikolata %27 Antep Fıstıklı Sütlü Çikolata,Eti,Gıda Ürünleri
Eti Uzun Çikolata Antep Fıstıklı,Eti,Gıda Ürünleri
Eti Uzun Çikolata Karamelli,Eti,Gıda Ürünleri
Eti Uzun Çikolata Sütlü,Eti,Gıda Ürünleri
Eti Uzun Çikolata Fındık Kremalı Dolgulu,Eti,Gıda Ürünleri
Eti Form Kepekli Bisküvi,Eti,Gıda Ürünleri
Eti Form Limon Lifli Kepekli Bisküvi,Eti,Gıda Ürünleri
Eti Form Çikolata Kaplı Lifli Bisküvi,Eti,Gıda Ürünleri
Eti Form Kepekli Çubuk Kraker,Eti,Gıda Ürünleri
Eti Form Kızarmış Kepekli Ekmek Dilimleri,Eti,Gıda Ürünleri
Eti Form Yulaflı Kepekli Bisküvi,Eti,Gıda Ürünleri
Eti Form Çörekotlu Kepekli Tuzlu Bisküvi,Eti,Gıda Ürünleri
Eti Pronot Glutensiz Bebek Bisküvisi,Eti,Gıda Ürünleri
Eti Pronot Glutensiz Kakaolu Mini Kek,Eti,Gıda Ürünleri
Eti Pronot Glutensiz Kakaolu Kurabiye,Eti,Gıda Ürünleri
Eti Pronot Glutensiz Zeytinli Kekikli Kurabiye,Eti,Gıda Ürünleri
Eti Pronot Glutensiz Kurabiye,Eti,Gıda Ürünleri
Eti Karam Gurme,Eti,Gıda Ürünleri
Eti Karam Gurme Mini,Eti,Gıda Ürünleri
Eti Maximus XL,Eti,Gıda Ürünleri
Eti Maximus,Eti,Gıda Ürünleri
Eti Canga Dark,Eti,Gıda Ürünleri
Eti Canga,Eti,Gıda Ürünleri
Eti Wanted,Eti,Gıda Ürünleri
Eti Wanted Bumba,Eti,Gıda Ürünleri
Eti Petito Ayıcık Bol Sütlü Çubuk Çikolata,Eti,Gıda Ürünleri
Eti Petito Ayıcık Bol Sütlü Krema Dolgulu Çikolata,Eti,Gıda Ürünleri
Eti Petito Ayıcık Bol Sütlü Mini Çikolata 8’li,Eti,Gıda Ürünleri
Eti Petito Ayıcık Bol Sütlü Mini Çikolata 18’li,Eti,Gıda Ürünleri
Eti Lifalif Yulaf Ezmesi,Eti,Gıda Ürünleri
Eti Etimek Tuzsuz,Eti,Gıda Ürünleri
Eti Etimek Klasik,Eti,Gıda Ürünleri
Eti Cicibebe Vitaminli Kızarmış Ekmek,Eti,Gıda Ürünleri
Eti Cicibebe Tahıllı,Eti,Gıda Ürünleri
Eti Cicibebe Sade,Eti,Gıda Ürünleri
Eti Alaska Frigo Bitter Çikolata Kaplı,Eti,Gıda Ürünleri
Eti Alaska Frigo Sütlü Çikolata Kaplı,Eti,Gıda Ürünleri
Eti Balık Kraker,Eti,Gıda Ürünleri
Eti Mısırlı Balık Kraker,Eti,Gıda Ürünleri
Eti Pizza Kraker,Eti,Gıda Ürünleri
Eti Crax Kıvrık Kraker,Eti,Gıda Ürünleri
Eti Petito Ayıcık Bol Sütlü Mini Çikolata 6'lı,Eti,Gıda Ürünleri
Eti Petito Beyaz ve Bitter Çikolata Desenli Mısır ve Buğday Gevrekli Bol Sütlü Çikolata,Eti,Gıda Ürünleri
Eti Petito Ayıcık Beyaz ve Bitter Çikolata Desenli Bol Sütlü Çikolata 18 gr.,Eti,Gıda Ürünleri
Eti Petito Ayıcık Beyaz ve Bitter Çikolata Desenli Bol Sütlü Çikolata 9 Gr.,Eti,Gıda Ürünleri
Eti Form Kakaolu Yabanmersinli,Eti,Gıda Ürünleri
Eti Form Domatesli Kekikli,Eti,Gıda Ürünleri
Eti Form Zeytinli Domatesli Kepekli Kraker,Eti,Gıda Ürünleri
Eti Form Light Müsli,Eti,Gıda Ürünleri
Eti Form Mısır ve Pirinç Patlağı,Eti,Gıda Ürünleri
Eti Form Karışık Meyveli Kepekli Bisküvi,Eti,Gıda Ürünleri
Eti Form Tahıllı Bisküvi,Eti,Gıda Ürünleri
Eti Form Portakallı,Eti,Gıda Ürünleri
Eti Crax @kntn Peynirli Soğanlı Kraker,Eti,Gıda Ürünleri
Eti Crax @kntn Tatlı-Acı Biberli Kraker,Tat,Gıda Ürünleri
Eti Gong,Eti,Gıda Ürünleri
Eti Crax Sade Çubuk Kraker,Eti,Gıda Ürünleri
Eti Crax Baharatlı Çubuk Kraker,Eti,Gıda Ürünleri
Eti Crax Peynirli Çubuk Kraker,Eti,Gıda Ürünleri
Eti Crax Acılı Çubuk Kraker,Eti,Gıda Ürünleri
Eti Crax Patlamış Mısırlı Kraker,Eti,Gıda Ürünleri
Eti Susamlı Çubuk Kraker,Eti,Gıda Ürünleri
Eti Hoşbeş Fındık Kremalı Gofret,Eti,Gıda Ürünleri
Eti Hoşbeş Kakao Aromalı Kremalı Gofret,Aroma,Gıda Ürünleri
Eti Hoşbeş Çilek Kremalı Gofret,Eti,Gıda Ürünleri
Eti Burçak Kakao Kremalı,Eti,Gıda Ürünleri
Eti Burçak Sütlü Çikolatalı,Eti,Gıda Ürünleri
Eti Burçak Kepekli,Eti,Gıda Ürünleri
Eti Burçak Kurabiye,Eti,Gıda Ürünleri
Eti Burçak Sultani,Eti,Gıda Ürünleri
Eti Burçak Yulaflı,Eti,Gıda Ürünleri
Eti Burçak Klasik,Eti,Gıda Ürünleri
Eti Burçak Sütlü Kremalı,Eti,Gıda Ürünleri
Eti Lifalif Meyveli Tahıl Gevreği,Eti,Gıda Ürünleri
Eti Lifalif Tahıl Gevreği,Eti,Gıda Ürünleri
Eti Lifalif Bitter Çikolatalı Tahıl Gevreği,Eti,Gıda Ürünleri
Eti Lifalif Kuru Meyveli Müsli,Eti,Gıda Ürünleri
Eti Hoşbeş Mandalina Kremalı Gofret,Eti,Gıda Ürünleri
Eti Hoşbeş Misket Limonlu Kremalı Gofret,Eti,Gıda Ürünleri
Eti Hoşbeş Vişne Kremalı Kakaolu Gofret,Eti,Gıda Ürünleri
Eti Hoşbeş Sütlü Kakaolu Kremalı Gofret,Eti,Gıda Ürünleri
Eti Hoşbeş Yeşil Elmalı Kremalı Gofret,Eti,Gıda Ürünleri
Eti Bidolu,Eti,Gıda Ürünleri
Eti Petit Beurre Kakaolu,Eti,Gıda Ürünleri
Eti Puf Hindistan Cevizli,Eti,Gıda Ürünleri
Eti Puf Renkli,Eti,Gıda Ürünleri
Eti Cin Mini Bisküvi,Eti,Gıda Ürünleri
Eti Cin Portakal Jöleli Bisküvi Çoklu,Eti,Gıda Ürünleri
Eti Cin Çilek Jöleli Bisküvi,Eti,Gıda Ürünleri
Eti Cin Tek Lokmalık Bisküvi,Eti,Gıda Ürünleri
Eti Cin Portakal Jöleli Kakaolu Bisküvi Çoklu,Eti,Gıda Ürünleri
Eti Cin Portakal Jöleli Bisküvi Tek Lokmalık 3'lü,Eti,Gıda Ürünleri
Eti Cin Portakal Jöleli Bisküvi 5'li,Eti,Gıda Ürünleri
Eti Çay Keyfi Fındıklı Fıstıklı Kurabiye,Eti,Gıda Ürünleri
Eti Çay Keyfi Fıstıklı Tarçınlı Kurabiye,Eti,Gıda Ürünleri
Eti Kakaolu Bisküvi,Eti,Gıda Ürünleri
Eti Finger,Eti,Gıda Ürünleri
Eti Etibör,Eti,Gıda Ürünleri
Eti Petit Beurre Klasik,Eti,Gıda Ürünleri
Eti Puf Kakaolu,Eti,Gıda Ürünleri
Eti Cin Portakal Jöleli Bisküvi,Eti,Gıda Ürünleri
Eti Kombo,Eti,Gıda Ürünleri
Eti Benim O,Eti,Gıda Ürünleri
Eti Kremalı,Eti,Gıda Ürünleri
Eti Motto,Eti,Gıda Ürünleri
Eti Negro,Eti,Gıda Ürünleri
Eti Tutku,Eti,Gıda Ürünleri
Eti Çay Keyfi Kakaolu Kurabiye,Eti,Gıda Ürünleri
Beypazarı Maden Suyu,Beypazarı,Gıda Ürünleri
Aroha,Aroha,Otomotiv / Savunma Sanayii Ürünleri
Kalaycıoğlu,Kalaycıoğlu,Otomotiv / Savunma Sanayii Ürünleri
Zinde,Zinde,Otomotiv / Savunma Sanayii Ürünleri
Antebella,Antebella,Otomotiv / Savunma Sanayii Ürünleri
Alasko Frigo,Alasko Frigo,Otomotiv / Savunma Sanayii Ürünleri
Tatkat,Tatkat,Otomotiv / Savunma Sanayii Ürünleri
CafeshotS,CafeshotS,Otomotiv / Savunma Sanayii Ürünleri
Zade,Zade,Otomotiv / Savunma Sanayii Ürünleri
Pelit,Pelit,Otomotiv / Savunma Sanayii Ürünleri
Gua Coffee Company,Gua Coffee Company,Gıda Ürünleri
Niğde Gazozu,Niğde Gazozu,Gıda Ürünleri
Nevada Coffee,Nevada Coffee,Gıda Ürünleri
Vestel PUZZLE NF655 X Buzdolabı,Vestel,Elektronik Ürün
Vestel NFK510 ECS Buzdolabı,Vestel,Elektronik Ürün
Vestel RETRO NFKY510 KıRMıZı Buzdolabı,Vestel,Elektronik Ürün
Vestel 4K SMART 55UD9300 LED TV,Vestel,Elektronik Ürün
Vestel ELMAS Buharlı Ütü,Vestel,Elektronik Ürün
Beko BKK 2309 Buharlı Ütüler,Beko BKK 2309 Buharlı Ütüler,Elektronik Ürün
Beko BKK 2299 Akuamarin Buhar Jeneratörlü Ütü,Beko,Elektronik Ürün
Beko BKK 4160 P Mikser,Beko,Elektronik Ürün
Beko BKK 3092 HM Crystal Mikser,Beko BKK 3092 HM Crystal Mikser,Elektronik Ürün
Beko BSS 4600 Su Sebili,Beko BSS 4600 Su Sebili,Elektronik Ürün
Beko BMD 2084 GMı Mikrodalga Fırın,Beko BMD 2084 GMı Mikrodalga Fırın,Elektronik Ürün
Beko BM 8018 ı Bulaşık Makinesi,Beko,Elektronik Ürün
Vestel KCM 9814 G Kurutmalı Çamaşır Makinesi,Vestel,Elektronik Ürün
Vestel KCM 9914 Kurutmalı Çamaşır Makinesi,Vestel,Elektronik Ürün
Vestel BAMBU Elektronik Tartı,Vestel,Elektronik Ürün
Vestel LiLYUM Pro Saç Kurutma Makinesi,Vestel,Elektronik Ürün
Vestel Sefa Cam ınox Çay Makinesi,Vestel,Elektronik Ürün
Vestel VANiLYA El Blender Seti,Eti,Elektronik Ürün
Vestel Starwars E3100 R Ekmek Kızartma Makinesi,Vestel,Elektronik Ürün
Vestel Şölen T3000 ınox Tost Makinesi,Şölen,Elektronik Ürün
VESTEL Perilla Mikser,Vestel,Elektronik Ürün
Vestel KEHRiBAR Buhar Jeneratörlü Ütü,Vestel,Elektronik Ürün
Vestel MıX&GO ıNOX Blender,Vestel,Elektronik Ürün
Vestel NFK510 EX A+++ Buzdolabı,Vestel,Elektronik Ürün
Vestel 4K OLED SMART 65OB9900 LED TV,Vestel,Elektronik Ürün
Vestel 4K SMART 65UD9400 LED TV,Vestel,Elektronik Ürün
Vestel Desibel K550 Kulaklık Nar Çiçeği,Vestel,Elektronik Ürün
Vestel Desıbel K600 Kulaklık Beyaz,Vestel,Elektronik Ürün
Vestel Desibel K550 Kulaklık Mavi,Vestel,Elektronik Ürün
Vestel Desibel K550 Kulaklık Siyah,Vestel,Elektronik Ürün
VESTEL AV 4311 B,Vestel,Elektronik Ürün
VESTEL AV 4310 S,Vestel,Elektronik Ürün
Vestel POYRAZ A7500 Elektrikli Süpürge,Vestel,Elektronik Ürün
Vestel TSUNAMı A8100 Elektrikli Süpürge,Vestel,Elektronik Ürün
Vestel Minimalistik ınverter 12 A++ Klima,Vestel,Elektronik Ürün
Vestel Plazma ınverter 24 A++ Klima,Vestel,Elektronik Ürün
Beko BK 10141 E Çamaşır Makinesi,Beko,Elektronik Ürün
Beko 9625 NDEX No Frost Buzdolabı,Beko,Elektronik Ürün
Beko BKK 3098 Vitaminist™ Blender,Beko,Elektronik Ürün
Beko D 90 HP Kurutma Makinesi,Beko,Elektronik Ürün
VESTEL KÖPÜK 5000 SÜT ıSıTıCı,Vestel,Elektronik Ürün
Vestel Venus Z20,Vestel,Elektronik Ürün
Arçelik K 2370 Mini Tost Makinesi,Arçelik,Elektronik Ürün
Arçelik K 8550 Eternity Ekmek Kızartma Makinesi,Arçelik,Elektronik Ürün
Arçelik K 2462 EK Ekmek Kızartma Makinesi,Arçelik,Elektronik Ürün
Arçelik K 8382 TG in love Tost Makinesi,Arçelik,Elektronik Ürün
Arçelik K 2369 TG Tost Makinesi,Arçelik,Elektronik Ürün
Arçelik K 2385 TG Tost Makinesi,Arçelik,Elektronik Ürün
Arçelik B-Fit Personel Blender,Arçelik,Elektronik Ürün
Arçelik ımperium® 4A Süpürge,Arçelik,Elektronik Ürün
Arçelik Grion Ankastre Fırın,Arçelik,Elektronik Ürün
Arçelik Siyah Mini Telve Türk Kahve Makinesi,Arçelik,Elektronik Ürün
Arçelik Tiryaki Çay Makinesi,Arçelik,Elektronik Ürün
Arçelik Çay Makinesi,Arçelik,Elektronik Ürün
Arçelik Gurme Çay Makinesi,Arçelik,Elektronik Ürün
Arçelik Bulaşık Makinesi,Arçelik,Elektronik Ürün
Sinbo Kablosuz Su ısıtıcı Cam,Sinbo,Elektronik Ürün
Sinbo ızgara & Tost Makinesi,Sinbo,Elektronik Ürün
Sinbo Torbasız Cyclonic Elektrikli Süpürge,Sinbo,Elektronik Ürün
Sinbo El Mikseri,Sinbo,Elektronik Ürün
Sinbo Elektrikli Çay Seti,Sinbo,Elektronik Ürün
Sinbo Fritöz,Sinbo,Elektronik Ürün
Sinbo Kablosuz Su ısıtıcı,Sinbo,Elektronik Ürün
Arzum Bellissima Beach Waves Wag Maşası PEMBE,Arzum,Elektronik Ürün
Arzum Bellissima Profesyonel iyonlu Saç Kurutma Makinesi SiYAH,Arzum,Elektronik Ürün
Arzum Çayım Delux Çay Makinesi NAR,Arzum,Elektronik Ürün
Arzum Kantintost ızgara ve Tost Makinesi PASLANMAZ ÇELiK,Arzum,Elektronik Ürün
Arzum Panetti Ekmek Yapma Makinesi CANDY,Arzum,Elektronik Ürün
Arzum Crust Mix Stand Mikser NAR,Arzum,Elektronik Ürün
Arzum Technoart El Blender SiYAH,Arzum,Elektronik Ürün
"Arzum Shake""N Take Kişisel Blender SiYAH",Arzum,Elektronik Ürün
Casper Nirvana D300 Serisi,Casper,Elektronik Ürün
Vestel Venus V7,Vestel,Elektronik Ürün
Vestel Venus Z40,Vestel,Elektronik Ürün
Vestel Venus E5,Vestel,Elektronik Ürün
Sinbo Turbo Blender & Öğütücü,Sinbo,Elektronik Ürün
Sinbo Katı Meyve Sıkacağı,Sinbo,Elektronik Ürün
Sinbo Elektrikli Çay Makinesi,Sinbo,Elektronik Ürün
Sinbo Elektrikli Cam Kapaklı Döküm ızgara,Sinbo,Elektronik Ürün
Sinbo Elektrikli ızgara,Sinbo,Elektronik Ürün
Vestel Hızlı 9812 TKE Çamaşır Makinesi,Vestel,Elektronik Ürün
Vestel Hızlı 8912 TT Çamaşır Makinesi,Vestel,Elektronik Ürün
Vestel Hızlı 9812 TSE Çamaşır Makinesi,Vestel,Elektronik Ürün
Vestel V-UHD SMART 75UD9650 LED TV,Vestel,Elektronik Ürün
Casper Nirvana D200 Serisi,Casper,Elektronik Ürün
Casper Nirvana N310 - N240,Casper Nirvana N310 - N240,Elektronik Ürün
Casper Nirvana C650,Casper Nirvana C650,Elektronik Ürün
Casper Nirvana C800,Casper Nirvana C800,Elektronik Ürün
Casper Nirvana C900,Casper,Elektronik Ürün
Casper Nirvana F Serisi,Casper Nirvana F Serisi,Elektronik Ürün
Casper Excalibur Serisi,Casper Excalibur Serisi,Elektronik Ürün
Arnica Bitkidem Pro Çay Makinesi,Arnica,Elektronik Ürün
Arnica Demli ınox Çay Makinesi,Arnica,Elektronik Ürün
Arnica Bitkidem Otomatik Çay Makinesi,Arnica,Elektronik Ürün
Arnica Terra Premium Toz Torbalı Elektrikli Süpürge,Arnica,Elektronik Ürün
Arnica Tesla Premium ET14300 Toz Torbasız Elektrikli Süpürge Rose,Arnica,Elektronik Ürün
Wunschome NOLıME Kireç Sökücü 1 LT,Wunschome,Temizlik Ürünü
Wunschome NOLıME Kireç Sökücü 550 ML,Wunschome,Temizlik Ürünü
Wunschome Genel Köpük Temizleyici (Yüzey Temizleyici) 1 LT,Wunschome,Temizlik Ürünü
Wunschome Sıvı Bulaşık Deterjanı 1 LT,Wunschome,Temizlik Ürünü
Wunschome Kıvamlı Çamaşır Suyu 1 LT,Wunschome,Temizlik Ürünü
Wunschome Çamaşır Yumuşatıcı Lilium 1 LT,Wunschome,Temizlik Ürünü
Wunschome Çamaşır Yumuşatıcı Mimoza 1 LT,Wunschome,Temizlik Ürünü
Wunschome Çamaşır Makinasi Deterjanı Beyazlar,Wunschome,Temizlik Ürünü
Wunschome Çamaşır Makinasi Deterjanı Renkliler,Wunschome,Temizlik Ürünü
Wunschome Dahlia Oda ve Ortam Kokusu 500 CC,Wunschome,Temizlik Ürünü
Wunschome Spring Breeze Oda ve Ortam Kokusu 500 CC,Wunschome,Temizlik Ürünü
Wunschome Anti Smell Ağır Koku Giderici 500 CC,Wunschome,Temizlik Ürünü
Bingo Dynamic Hepsi Bir Arada 56'li Bulaşık Makinesi Tableti,Bingo,Temizlik Ürünü
Bingo Dynamic Hepsi Bir Arada 28'li Bulaşık Makinesi Tableti,Bingo,Temizlik Ürünü
Bingo Dynamic Makine Tuzu,Bingo,Temizlik Ürünü
Bingo Dynamic Makine Partalıcı Limon Kokulu,Bingo,Temizlik Ürünü
Bingo Dynamic Makine Partalıcı Klasik,Bingo,Temizlik Ürünü
Bingo Dynamic Makine Koku Giderici,Bingo,Temizlik Ürünü
Bingo Dynamic Makine Temizleyici,Bingo,Temizlik Ürünü
Bingo Klasik Limon Kokulu Büyük Sıvı Bulaşık Deterjanı,Bingo,Temizlik Ürünü
Bingo Klasik Limon Kokulu Sıvı Bulaşık Deterjanı,Bingo,Temizlik Ürünü
Bingo Dynamic Sensitive Krem Etkili Sıvı Bulaşık Deterjanı,Bingo,Temizlik Ürünü
Bingo Dynamic Bodrum Esintisi Mandalina Kokulu Sıvı Bulaşık Deterjanı,Bingo,Temizlik Ürünü
Bingo Dynamic Çeşme Esintisi Limon Kokulu Sıvı Bulaşık Deterjanı,Bingo,Temizlik Ürünü
Parex Mikrofiber Temizlik Bezi,Parex,Temizlik Ürünü
Parex Magic Maxx Temizlik Bezi,Parex,Temizlik Ürünü
Parex Neofiber Bez (Yeni Nesil Mikrofiber),Parex,Temizlik Ürünü
Parex %30 Mikrofiberli Temizlik Bezi,Parex,Temizlik Ürünü
Adatepe Doğal Lavanta Esanslı Zeytinyağı Sabunu 135 gr.,Lav,Temizlik Ürünü
Adatepe Doğal Zeytinyağı Sabunu 135 gr.,Adatepe,Temizlik Ürünü
Bingo Dynamic Standart 120'li Mekine Tableti,Bingo,Temizlik Ürünü
Bingo Dynamic Standart 60'lı Mekine Tableti,Bingo,Temizlik Ürünü
Bingo Dynamic Standart 15'li Mekine Tableti,Bingo,Temizlik Ürünü
Bingo Dynamic Standart Makine Toz Deterjan Limon Kokulu,Bingo,Temizlik Ürünü
Bingo Dynamic Standart Makine Toz Deterjan,Bingo,Temizlik Ürünü
Bingo Dynamic Hepsi Bir Arada 112'li Bulaşık Makinesi Tableti,Bingo,Temizlik Ürünü
Parex Quick Temizlik Seti,Parex,Temizlik Ürünü
Parex Tornado Temizlik Seti,Parex,Temizlik Ürünü
Parex Twister Temizlik Seti,Parex,Temizlik Ürünü
Parex Maestro Compact,Parex,Temizlik Ürünü
Parex Maestro Temizlik Seti,Parex,Temizlik Ürünü
Parex Bubble Sünger,Parex,Temizlik Ürünü
Parex Çizmez Sünger,Parex,Temizlik Ürünü
Parex Power Ball Çizmez Ovma Teli,Parex,Temizlik Ürünü
Parex Magic Shine Sünger,Parex,Temizlik Ürünü
Parex Magic Fiber Sünger,Parex,Temizlik Ürünü
Parex Magic Sünger,Parex,Temizlik Ürünü
Parex Mikropower Bez,Parex,Temizlik Ürünü
Parex Büzgülü Çöp Torbası Orta Boy Çilek / Limon / Lavanta Orta Boy,Parex,Temizlik Ürünü
Parex Ekstra Dayanıklı Çöp Torbası,Parex,Temizlik Ürünü
Parex Bahar Kokulu Çöp Torbası,Parex,Temizlik Ürünü
Parex Nitril Kullan-At Eldiven,Parex,Temizlik Ürünü
Parex Comfort Touch Eldiven,Parex,Temizlik Ürünü
Parex Sensitive Eldiven,Parex,Temizlik Ürünü
Parex Süpürgeç Yer Temizlik Sistemi,Parex,Temizlik Ürünü
Parex Windy Sprey Mop,Parex,Temizlik Ürünü
Parex Pamuk+Mikrofiber Paspas,Parex,Temizlik Ürünü
Parex Rengarenk Paspas Üçlü,Parex,Temizlik Ürünü
Parex Standart Paspas,Parex,Temizlik Ürünü
Parex Extra Power Temizlik Seti,Parex,Temizlik Ürünü
Parex Fışfış Bulaşık Fırçası,Parex,Temizlik Ürünü
Parex Mega Tüy Toplayıcı Rulo,Parex,Temizlik Ürünü
Parex Mini Tüy Toplayıcı Rulo,Parex,Temizlik Ürünü
Parex Tüy Toplayıcı Rulo,Parex,Temizlik Ürünü
Parex Akıllı Pişirme Kağıdı,Parex,Temizlik Ürünü
Parex Pişirme Kağıdı,Parex,Temizlik Ürünü
Parex Alüminyum Folyo,Parex Alüminyum Folyo,Temizlik Ürünü
Parex Streç Film,Parex,Temizlik Ürünü
Parex Kilitli Buzdolabı Poşeti,Parex,Temizlik Ürünü
Parex Buzdolabı Poşeti,Parex,Temizlik Ürünü
Parex Güçlü Çöp Torbası,Parex,Temizlik Ürünü
Parex Büzgülü Çöp Torbası  Çilek / Limon / Lavanta Büyük Boy,Parex,Temizlik Ürünü
Arçelik K 8130 PV in love Renkli El Blenderı,Arçelik K 8130 PV in love Renkli El Blenderı,Elektronik Ürün
Arçelik K 8520 Eternity El Blenderı,Arçelik,Elektronik Ürün
Arçelik K 8235 in love Lal El Blenderı,Arçelik K 8235 in love Lal El Blenderı,Elektronik Ürün
Arçelik K 8525 Eternity El Blenderı,Arçelik,Elektronik Ürün
Arçelik K 1190 Robolio Mutfak Robotu,Arçelik K 1190 Robolio Mutfak Robotu,Elektronik Ürün
Arçelik Kıyma Makinesi,Arçelik,Elektronik Ürün
Arçelik Yoğurt Makinesi,Arçelik,Elektronik Ürün
Arçelik Telve Türk Kahve Makinesi,Arçelik,Elektronik Ürün
Arçelik Mikrodalga Fırın,Arçelik Mikrodalga Fırın,Elektronik Ürün
Arçelik Love Buhar Kazanlı Ütü,Arçelik Love Buhar Kazanlı Ütü,Elektronik Ürün
Arçelik Su Sebili,Arçelik,Elektronik Ürün
Arçelik Sensimeter Bluetooth Tartı Banyo Tartısı,Arçelik Sensimeter Bluetooth Tartı Banyo Tartısı,Elektronik Ürün
Power Prox Ultra Canlı Renkler Toz Çamaşır Deterjanı 9 kg,Power Prox,Temizlik Ürünü
Alalin Tüm Renkli Giysiler için Sıvı Deterjan 1 Litre,Alalin,Temizlik Ürünü
Alalin Tüm Renkli Giysiler için Sıvı Deterjan 3 Litre,Alalin,Temizlik Ürünü
Alalin Siyah ve Koyu Renkli Giysiler için Sıvı Deterjan 1 Litre,Alalin,Temizlik Ürünü
Alalin Siyah ve Koyu Renkli Giysiler için Sıvı Deterjan 3 Litre,Alalin,Temizlik Ürünü
Alalin 60'lı Pamuklu Bebek Kulak Çubuğu,Alalin,Temizlik Ürünü
Alalin 300'lü Pamuklu Kulak Çubuğu,Alalin,Temizlik Ürünü
Alalin 200'lü Pamuklu Kulak Çubuğu,Alalin,Temizlik Ürünü
Alalin 100'lü Pamuklu Kulak Çubuğu,Alalin,Temizlik Ürünü
"Alalin Limon Çiçeği 1500 ml, Doğal Zeytinyağlı Sıvı Sabun","Alalin",Temizlik Ürünü
"Alalin Kiraz Çiçeği 1500 ml, Doğal Zeytinyağlı Sıvı Sabun","Alalin",Temizlik Ürünü
"Alalin Gülün Büyüsü 1500 ml, Doğal Zeytinyağlı Sıvı Sabun","Alalin",Temizlik Ürünü
Bingo Elde Yıkama Toz Çamaşır Deterjan,Bingo,Temizlik Ürünü
Bingo Matik Parfümsüz Toz Çamaşır Deterjanı,Bingo,Temizlik Ürünü
Bingo Matik Renkliler için Lovely Parfümlü Toz Çamaşır Deterjanı,Bingo,Temizlik Ürünü
Bingo Matik Erguvan Esintisi Toz Çamaşır Deterjanı,Bingo,Temizlik Ürünü
Bingo Matik Sensitive Parfümlü Toz Çamaşır Deterjanı,Bingo,Temizlik Ürünü
Eti Matik,Eti,Temizlik Ürünü
Wunschome Lavabo Temizleyici 500 CC,Wunschome,Temizlik Ürünü
Wunschome Lavabo Temizleyici 1 LT,Wunschome,Temizlik Ürünü
Wunschome Yağ Sökücü 1 LT,Wunschome,Temizlik Ürünü
Wunschome Yağ Sökücü 500 CC,Wunschome,Temizlik Ürünü
Wunschome Leke Sökücü 500 CC,Wunschome,Temizlik Ürünü
Wunschome Leke Sökücü 1 LT,Wunschome,Temizlik Ürünü
Wunschome T.E.T. / Genel Temizlik Sensitive 1 LT,Wunschome,Temizlik Ürünü
Wunschome Ahşap Temizleyici 1 LT,Wunschome,Temizlik Ürünü
SiTRETT MX Ultra Konsantre Çok Amaçlı Temizleyici ENDÜSTRiYEL,SiTRETT,Temizlik Ürünü
SiTRETT MX Çok Amaçlı Temizleyici PREMiUM,SiTRETT MX Çok Amaçlı Temizleyici PREMiUM,Temizlik Ürünü
SiTRETT MX Çok Amaçlı Temizleyici PRO,SiTRETT MX Çok Amaçlı Temizleyici PRO,Temizlik Ürünü
Power Prox En Uygun Toz Çamaşır Deterjanı Renkli ve Beyazlar 2’si 1 Arada 9 KG Ekonomi Paketi,Power Prox,Temizlik Ürünü
"Alalin Okyanus Ferahlığı 1500 ml, Doğal Zeytinyağlı Sıvı Sabun",Fe,Temizlik Ürünü
"Alalin Zeytin Çiçeği 1500 ml, Doğal Zeytinyağlı Sıvı Sabun","Alalin",Temizlik Ürünü
"Alalin Zeytin Çiçeği, Doğal Zeytinyağlı Sıvı Sabun","Alalin",Temizlik Ürünü
"Alalin Okyanus Ferahlığı, Doğal Zeytinyağlı Sıvı Sabun",Alalin,Temizlik Ürünü
"Alalin Kiraz Çiçeği, Doğal Zeytinyağlı Sıvı Sabun","Alalin",Temizlik Ürünü
"Alalin Gülün Büyüsü, Doğal Zeytinyağlı Sıvı Sabun","Alalin",Temizlik Ürünü
"Alalin Bodrum Lavantası, Doğal Zeytinyağlı Sıvı Sabun",Alalin,Temizlik Ürünü
"Alalin Limon Çiçeği, Doğal Zeytinyağlı Sıvı Sabun","Alalin Limon Çiçeği, Doğal Zeytinyağlı Sıvı Sabun",Temizlik Ürünü
Etimaden Boron Sıvı Deterjan Doğal Renkler,Etimaden Boron,Temizlik Ürünü
Etimaden Boron Sıvı Deterjan Doğal Temizlik,Etimaden Boron,Temizlik Ürünü
Parex Dış Mekan Süpürge,Parex,Temizlik Ürünü
Bingo Dynamic Hasbahçe Doğa Kokulu Sıvı Bulaşık Deterjanı,Bingo,Temizlik Ürünü
Bingo Dynamic Saray Mutfağı Elma&Tarçın Kokulu Sıvı Bulaşık Deterjanı,Bingo,Temizlik Ürünü
Bingo Fresh Lavanta Çiçekleri Sert Yüzey Temizleyici,Bingo,Temizlik Ürünü
Bingo Fresh Mutlu Yuvam Sert Yüzey Temizleyici,Bingo,Temizlik Ürünü
Bingo Fresh Pembe Düşler Sert Yüzey Temizleyici,Bingo,Temizlik Ürünü
Bingo Fresh Star Sert Yüzey Temizleyici,Bingo,Temizlik Ürünü
Bingo Fresh Lovely Sert Yüzey Temizleyici,Bingo,Temizlik Ürünü
Bingo Soft Konsantre Star Yumuşatıcı,Bingo,Temizlik Ürünü
Bingo Soft Konsantre Lovely Yumuşatıcı,Bingo,Temizlik Ürünü
Bingo Soft Konsantre Ada Ferahlığı Yumuşatıcı,Bingo,Temizlik Ürünü
Bingo Soft Konsantre Sensitive Yumuşatıcı,Bingo,Temizlik Ürünü
Bingo Soft Konsantre Lavanta Rüzgarı Yumuşatıcı,Bingo,Temizlik Ürünü
Bingo Soft Konsantre Bahar Uyanışı Yumuşatıcı,Bingo,Temizlik Ürünü
Bingo Soft Star Standart Yumuşatıcı,Bingo Soft Star Standart Yumuşatıcı,Temizlik Ürünü
Bingo Soft Lovely Standart Yumuşatıcı,Bingo,Temizlik Ürünü
Bingo Soft Ada Ferahlığı Standart Yumuşatıcı,Bingo,Temizlik Ürünü
Bingo Soft Sensitive Standart Yumuşatıcı,Bingo,Temizlik Ürünü
Bingo Soft Lavanta Rüzgarı Standart Yumuşatıcı,Bingo,Temizlik Ürünü
Bingo Soft Bahar Uyanışı Standart Yumuşatıcı,Bingo,Temizlik Ürünü
Bingo Matik Sıvı Parfümsüz Sıvı Çamaşır Deterjanı,Bingo,Temizlik Ürünü
Bingo Matik Sıvı Ergüvan Esintisi Sıvı Çamaşır Deterjanı,Bingo,Temizlik Ürünü
Bingo Matik Sıvı Narin Sıvı Çamaşır Deterjanı,Bingo,Temizlik Ürünü
Bingo Matik Sıvı Renkli Sıvı Çamaşır Deterjanı,Bingo,Temizlik Ürünü
Bingo Matik Sıvı Siyah Sıvı Çamaşır Deterjanı,Bingo Matik Sıvı Siyah Sıvı Çamaşır Deterjanı,Temizlik Ürünü
